name,RT
cis-aconitic acid,8.165739999999987
citric acid,8.228144999999989
P5C,3.0345725000000003
